{"cameraMode":{"drawMode":0,"name":"Shaded","section":"Shading Mode"},"sceneLighting":true,"audioPlay":false,"sceneViewState":{"m_AlwaysRefresh":false,"showFog":true,"showSkybox":true,"showFlares":true,"showImageEffects":true,"showParticleSystems":true,"showVisualEffectGraphs":true,"m_FxEnabled":true},"in2DMode":false,"pivot":{"x":672.7656860351563,"y":332.6638488769531,"z":-129.3143310546875},"rotation":{"x":0.008039780892431736,"y":0.9760240912437439,"z":-0.2144809067249298,"w":0.03692657873034477},"size":416.95965576171877,"orthographic":false}